County,Name,Details,Website,Location,Lat,Long
Boulder,Ollin Farms,"offers CSAs, field trip, tours, education, & volunteer opportunites ",https://www.ollinfarms.com/project_95.html, 8627 North 95th St longmont ,40.13064293,-105.1311604
Boulder,McCauley Family Farm,offers CSAs & farm tours,https://www.fromourfarm.org/,"9421 N 63rd St, Longmont, CO 80503",40.14564568,-105.2069177
Boulder,Cure Organic Farm,offers CSAs & farm tours,https://www.cureorganicfarm.com/about-us,"7416 Valmont Rd, Boulder, CO 80301",40.03272607,-105.1811091
Boulder,Aspen Moon Farm ,offers CSAs ,https://www.aspenmoonfarm.com/,"7927 Hygiene Road Longmont, CO 80503",40.18904381,-105.1684212
Weld,Farm1,CSA,link-e-dey,7849 bird lane,40.33906612,-104.6403495
Weld,Farm2,"Cover Cropping, CSA, field trip, tours, education, volunteer ",https://www.ollinfarms.com/project_95.html,848 tibby bou,40.34364157,-104.7778668
Weld,Farm3,"CSA, farm tours, ",https://www.fromourfarm.org/,"9421 N 63rd St, Longmont, CO 80503",40.32053931,-104.3351775